{
  "fetched": "2026-06-11T21:16:40",
  "odds": {
    "Mexico|South Africa": [
      0.6741573033707866,
      0.21722846441947566,
      0.10861423220973783
    ],
    "South Korea|Czechia": [
      0.36244591866166714,
      0.31670031727718495,
      0.320853764061148
    ],
    "Canada|Bosnia-Herzegovina": [
      0.5314928211040079,
      0.27398080637192523,
      0.1945263725240669
    ],
    "United States|Paraguay": [
      0.5009687936039784,
      0.2731270541400221,
      0.22590415225599958
    ],
    "Qatar|Switzerland": [
      0.06057355360080097,
      0.13845383680183077,
      0.8009726095973682
    ],
    "Brazil|Morocco": [
      0.5673705849373949,
      0.25789572042608855,
      0.17473369463651656
    ],
    "Haiti|Scotland": [
      0.1645006798054899,
      0.22643034749696844,
      0.6090689726975417
    ],
    "Australia|Türkiye": [
      0.18126660006335438,
      0.25293013962328514,
      0.5658032603133605
    ],
    "Germany|Curaçao": [
      0.925837889232232,
      0.050677442357974806,
      0.023484668409793207
    ],
    "Netherlands|Japan": [
      0.47350210970464135,
      0.2668354430379747,
      0.25966244725738397
    ],
    "Ivory Coast|Ecuador": [
      0.26214841037666053,
      0.3430239837907366,
      0.3948276058326029
    ],
    "Sweden|Tunisia": [
      0.5062680810028929,
      0.27772420443587265,
      0.2160077145612343
    ],
    "Spain|Cape Verde": [
      0.8859025516842112,
      0.08101395053505064,
      0.03308349778073818
    ],
    "Belgium|Egypt": [
      0.5857740585774059,
      0.24163179916317992,
      0.17259414225941425
    ],
    "Saudi Arabia|Uruguay": [
      0.12428709945869186,
      0.21596973560647129,
      0.6597431649348369
    ],
    "Iran|New Zealand": [
      0.5250963209891131,
      0.2706378797254813,
      0.2042657992854055
    ],
    "France|Senegal": [
      0.6456646956190587,
      0.2186455446528176,
      0.13568975972812375
    ],
    "Iraq|Norway": [
      0.06066074914367795,
      0.14378844241464403,
      0.795550808441678
    ],
    "Argentina|Algeria": [
      0.6822719477743627,
      0.2114293288707366,
      0.1062987233549007
    ],
    "Austria|Jordan": [
      0.7389341875364007,
      0.16817122888759464,
      0.09289458357600465
    ],
    "Portugal|DR Congo": [
      0.7478416862877003,
      0.1676196883058639,
      0.0845386254064357
    ],
    "England|Croatia": [
      0.557917385310252,
      0.2474864298940349,
      0.19459618479571292
    ],
    "Ghana|Panama": [
      0.4438592054188979,
      0.2756732386932187,
      0.28046755588788336
    ],
    "Uzbekistan|Colombia": [
      0.10486784453649486,
      0.2033061594925281,
      0.691825995970977
    ],
    "Czechia|South Africa": [
      0.4813576206062331,
      0.28735591290735735,
      0.2312864664864096
    ],
    "Switzerland|Bosnia-Herzegovina": [
      0.6024309951886553,
      0.24251709293492027,
      0.15505191187642442
    ],
    "Canada|Qatar": [
      0.70885020327322,
      0.18607317835922027,
      0.10507661836755967
    ],
    "Mexico|South Korea": [
      0.5256934679790362,
      0.2718586220120158,
      0.20244791000894796
    ],
    "United States|Australia": [
      0.5475285171102662,
      0.2395437262357415,
      0.2129277566539924
    ],
    "Scotland|Morocco": [
      0.2451110883587591,
      0.2840176103204669,
      0.4708713013207741
    ],
    "Brazil|Haiti": [
      0.8859343936381711,
      0.08320079522862825,
      0.0308648111332008
    ],
    "Türkiye|Paraguay": [
      0.42860278783887606,
      0.29612556250685984,
      0.2752716496542641
    ],
    "Netherlands|Sweden": [
      0.5783548587609643,
      0.24159127011533946,
      0.18005387112369642
    ],
    "Germany|Ivory Coast": [
      0.6231306081754736,
      0.2243270189431705,
      0.15254237288135594
    ],
    "Ecuador|Curaçao": [
      0.7688955298219401,
      0.13721827916822316,
      0.09388619100983688
    ],
    "Tunisia|Japan": [
      0.18699623858140785,
      0.2649113379903278,
      0.5480924234282644
    ],
    "Spain|Saudi Arabia": [
      0.8917400109210205,
      0.07967185343474692,
      0.028588135644232716
    ],
    "Belgium|Iran": [
      0.6787433248849806,
      0.20127237123212627,
      0.11998430388289333
    ],
    "Uruguay|Cape Verde": [
      0.6550218340611353,
      0.21834061135371177,
      0.12663755458515283
    ],
    "New Zealand|Egypt": [
      0.18289224952741018,
      0.26417769376181477,
      0.5529300567107751
    ],
    "Argentina|Austria": [
      0.5665782947062344,
      0.25382707602839305,
      0.17959462926537245
    ],
    "France|Iraq": [
      0.8524131115137539,
      0.10607807609948937,
      0.041508812386756716
    ],
    "Norway|Senegal": [
      0.4470389292653091,
      0.2745196805065842,
      0.2784413902281068
    ],
    "Jordan|Algeria": [
      0.14934114202049784,
      0.22840409956076138,
      0.6222547584187409
    ],
    "Portugal|Uzbekistan": [
      0.7402068975871957,
      0.15442247346215637,
      0.10537062895064786
    ],
    "England|Ghana": [
      0.7009345794392524,
      0.1794392523364486,
      0.11962616822429907
    ],
    "Panama|Croatia": [
      0.16340278865737112,
      0.23343255522481587,
      0.6031646561178129
    ],
    "Colombia|DR Congo": [
      0.6376389141920205,
      0.23228274731280743,
      0.13007833849517217
    ],
    "Bosnia-Herzegovina|Qatar": [
      0.5992811751224085,
      0.24124908844671322,
      0.1594697364308782
    ],
    "Switzerland|Canada": [
      0.4397736459175424,
      0.28860145513338725,
      0.2716248989490704
    ],
    "Scotland|Brazil": [
      0.12663755458515283,
      0.21834061135371177,
      0.6550218340611353
    ],
    "Morocco|Haiti": [
      0.7190432939751741,
      0.18407508325764457,
      0.09688162276718133
    ],
    "Czechia|Mexico": [
      0.22107155083875388,
      0.26668948990071895,
      0.5122389592605273
    ],
    "South Africa|South Korea": [
      0.24712273271337817,
      0.2754810790903232,
      0.47739618819629875
    ],
    "Curaçao|Ivory Coast": [
      0.0990952175786299,
      0.16846186988367085,
      0.7324429125376993
    ],
    "Ecuador|Germany": [
      0.21016649239926005,
      0.25094506555135526,
      0.5388884420493847
    ],
    "Japan|Sweden": [
      0.4480796586059745,
      0.2759601706970128,
      0.2759601706970128
    ],
    "Tunisia|Netherlands": [
      0.16811035204131664,
      0.2271761514071846,
      0.6047134965514988
    ],
    "Paraguay|Australia": [
      0.43461273270512524,
      0.28499195587221327,
      0.28039531142266144
    ],
    "Türkiye|United States": [
      0.35836177474402736,
      0.267349260523322,
      0.3742889647326508
    ],
    "Norway|France": [
      0.21432801252779934,
      0.2570764959008303,
      0.5285954915713703
    ],
    "Senegal|Iraq": [
      0.6347394846351851,
      0.22532515347838358,
      0.1399353618864313
    ],
    "Cape Verde|Saudi Arabia": [
      0.36938862761864044,
      0.28858486532706284,
      0.3420265070542967
    ],
    "Uruguay|Spain": [
      0.1732942167484823,
      0.2416998286228832,
      0.5850059546286345
    ],
    "New Zealand|Belgium": [
      0.0966916371197782,
      0.1706832662419024,
      0.7326250966383194
    ],
    "Egypt|Iran": [
      0.4114911646171334,
      0.3179704453859667,
      0.2705383899968999
    ],
    "Croatia|Ghana": [
      0.5848709547623153,
      0.24817497269644187,
      0.16695407254124275
    ],
    "Panama|England": [
      0.10824422749108943,
      0.16728653339532004,
      0.7244692391135906
    ],
    "Colombia|Portugal": [
      0.26392032593933906,
      0.28791308284291534,
      0.44816659121774555
    ],
    "DR Congo|Uzbekistan": [
      0.4062719400889305,
      0.281769248771355,
      0.3119588111397145
    ],
    "Algeria|Austria": [
      0.27594663527565233,
      0.29021973710025506,
      0.4338336276240926
    ],