{
  "fetched": "2026-06-12T18:21:13",
  "odds": {
    "Canada|Bosnia-Herzegovina": [
      0.5266823101960487,
      0.27446824615850435,
      0.198849443645447
    ],
    "United States|Paraguay": [
      0.45474097919636824,
      0.2989887172086213,
      0.2462703035950105
    ],
    "Qatar|Switzerland": [
      0.057214266414482566,
      0.13894893272088624,
      0.8038368008646312
    ],
    "Brazil|Morocco": [
      0.5909405388293623,
      0.2463511709186344,
      0.16270829025200345
    ],
    "Haiti|Scotland": [
      0.16454246237270134,
      0.22903060083231117,
      0.6064269367949874
    ],
    "Australia|Türkiye": [
      0.18438929710245391,
      0.25717454595868566,
      0.5584361569388603
    ],
    "Germany|Curaçao": [
      0.925837889232232,
      0.050677442357974806,
      0.023484668409793207
    ],
    "Netherlands|Japan": [
      0.48372707748224025,
      0.264331736329093,
      0.2519411861886668
    ],
    "Ivory Coast|Ecuador": [
      0.26214841037666053,
      0.3430239837907366,
      0.3948276058326029
    ],
    "Sweden|Tunisia": [
      0.5125919322487186,
      0.27679964341430796,
      0.21060842433697347
    ],
    "Spain|Cape Verde": [
      0.8843513843204798,
      0.08198278927606166,
      0.03366582640345852
    ],
    "Belgium|Egypt": [
      0.60005122479479,
      0.23620598335442838,
      0.1637427918507817
    ],
    "Saudi Arabia|Uruguay": [
      0.11759912648098957,
      0.21355584165838237,
      0.668845031860628
    ],
    "Iran|New Zealand": [
      0.5217331357071455,
      0.2742063355279033,
      0.20406052876495123
    ],
    "France|Senegal": [
      0.6515267496803824,
      0.21620170168766056,
      0.13227154863195695
    ],
    "Iraq|Norway": [
      0.06066074914367795,
      0.14378844241464403,
      0.795550808441678
    ],
    "Argentina|Algeria": [
      0.6822719477743627,
      0.2114293288707366,
      0.1062987233549007
    ],
    "Austria|Jordan": [
      0.741868680716287,
      0.16628091119502986,
      0.09185040808868315
    ],
    "Portugal|DR Congo": [
      0.7478416862877003,
      0.1676196883058639,
      0.0845386254064357
    ],
    "England|Croatia": [
      0.557917385310252,
      0.2474864298940349,
      0.19459618479571292
    ],
    "Ghana|Panama": [
      0.4438592054188979,
      0.2756732386932187,
      0.28046755588788336
    ],
    "Uzbekistan|Colombia": [
      0.10486784453649486,
      0.2033061594925281,
      0.691825995970977
    ],
    "Czechia|South Africa": [
      0.568362480127186,
      0.2480127186009539,
      0.1836248012718601
    ],
    "Switzerland|Bosnia-Herzegovina": [
      0.6024309951886553,
      0.24251709293492027,
      0.15505191187642442
    ],
    "Canada|Qatar": [
      0.7131849315068494,
      0.18193493150684928,
      0.10488013698630136
    ],
    "Mexico|South Korea": [
      0.4847019797437978,
      0.28358682993965484,
      0.23171119031654727
    ],
    "United States|Australia": [
      0.551125703564728,
      0.24249530956848028,
      0.20637898686679174
    ],
    "Scotland|Morocco": [
      0.2451110883587591,
      0.2840176103204669,
      0.4708713013207741
    ],
    "Brazil|Haiti": [
      0.8936550491510276,
      0.07506702412868632,
      0.03127792672028597
    ],
    "Türkiye|Paraguay": [
      0.42860278783887606,
      0.29612556250685984,
      0.2752716496542641
    ],
    "Netherlands|Sweden": [
      0.5752329056073123,
      0.24204605378801194,
      0.18272104060467573
    ],
    "Germany|Ivory Coast": [
      0.6188679245283019,
      0.22641509433962267,
      0.15471698113207547
    ],
    "Ecuador|Curaçao": [
      0.7740398928252454,
      0.13694551949985112,
      0.08901458767490322
    ],
    "Tunisia|Japan": [
      0.17925769143548262,
      0.2625746466097211,
      0.5581676619547963
    ],
    "Spain|Saudi Arabia": [
      0.8945459216122544,
      0.07677598854782341,
      0.028678089839922274
    ],
    "Belgium|Iran": [
      0.6743593121566014,
      0.20319123379391044,
      0.12244945404948812
    ],
    "Uruguay|Cape Verde": [
      0.6473489519112208,
      0.22040690505548702,
      0.1322441430332922
    ],
    "New Zealand|Egypt": [
      0.1862284820031299,
      0.26604068857589985,
      0.5477308294209703
    ],
    "Argentina|Austria": [
      0.5841528519246979,
      0.24276482157909524,
      0.17308232649620678
    ],
    "France|Iraq": [
      0.8449904139742952,
      0.11034580700134915,
      0.0446637790243556
    ],
    "Norway|Senegal": [
      0.4444741974821693,
      0.2741967584467467,
      0.28132904407108406
    ],
    "Jordan|Algeria": [
      0.14372431277484107,
      0.2307064027756905,
      0.6255692844494684
    ],
    "Portugal|Uzbekistan": [
      0.7402068975871957,
      0.15442247346215637,
      0.10537062895064786
    ],
    "England|Ghana": [
      0.7009345794392524,
      0.1794392523364486,
      0.11962616822429907
    ],
    "Panama|Croatia": [
      0.16340278865737112,
      0.23343255522481587,
      0.6031646561178129
    ],
    "Colombia|DR Congo": [
      0.6376389141920205,
      0.23228274731280743,
      0.13007833849517217
    ],
    "Bosnia-Herzegovina|Qatar": [
      0.5895231699126932,
      0.24499664204163868,
      0.16548018804566822
    ],
    "Switzerland|Canada": [
      0.4397736459175424,
      0.28860145513338725,
      0.2716248989490704
    ],
    "Scotland|Brazil": [
      0.13284132841328414,
      0.22140221402214022,
      0.6457564575645757
    ],
    "Morocco|Haiti": [
      0.7257341814923092,
      0.17724661740292935,
      0.09701920110476134
    ],
    "Czechia|Mexico": [
      0.2308749427393495,
      0.26752175904718273,
      0.5016032982134677
    ],
    "South Africa|South Korea": [
      0.18709464658678684,
      0.24403649554798285,
      0.5688688578652302
    ],
    "Curaçao|Ivory Coast": [
      0.0990952175786299,
      0.16846186988367085,
      0.7324429125376993
    ],
    "Ecuador|Germany": [
      0.21016649239926005,
      0.25094506555135526,
      0.5388884420493847
    ],
    "Japan|Sweden": [
      0.4480796586059745,
      0.2759601706970128,
      0.2759601706970128
    ],
    "Tunisia|Netherlands": [
      0.16811035204131664,
      0.2271761514071846,
      0.6047134965514988
    ],
    "Paraguay|Australia": [
      0.43461273270512524,
      0.28499195587221327,
      0.28039531142266144
    ],
    "Türkiye|United States": [
      0.35836177474402736,
      0.267349260523322,
      0.3742889647326508
    ],
    "Norway|France": [
      0.21432801252779934,
      0.2570764959008303,
      0.5285954915713703
    ],
    "Senegal|Iraq": [
      0.6519012774094902,
      0.2193171350913598,
      0.12878158749914997
    ],
    "Cape Verde|Saudi Arabia": [
      0.39078735940010717,
      0.2869844670594537,
      0.3222281735404392
    ],
    "Uruguay|Spain": [
      0.1732942167484823,
      0.2416998286228832,
      0.5850059546286345
    ],
    "New Zealand|Belgium": [
      0.0966916371197782,
      0.1706832662419024,
      0.7326250966383194
    ],
    "Egypt|Iran": [
      0.4114911646171334,
      0.3179704453859667,
      0.2705383899968999
    ],
    "Croatia|Ghana": [
      0.5848709547623153,
      0.24817497269644187,
      0.16695407254124275
    ],
    "Panama|England": [
      0.11490658581882252,
      0.1612724011492246,
      0.7238210130319528
    ],
    "Colombia|Portugal": [
      0.26392032593933906,
      0.28791308284291534,
      0.44816659121774555
    ],
    "DR Congo|Uzbekistan": [
      0.4062719400889305,
      0.281769248771355,
      0.3119588111397145
    ],
    "Algeria|Austria": [
      0.27594663527565233,
      0.29021973710025506,
      0.4338336276240926
    ],
    "Jordan|Argentina": [
      0.07068538998835855,
      0.13715075669383,
      0.7921638533178114
    ]
  },
  "schedule": {
    "Canada|Bosnia-Herzegovina": "2026-06-12T19:00:00Z",
    "United States|Paraguay": "2026-06-13T01:00:00Z",