{
  "fetched": "2026-06-13T11:42:42",
  "odds": {
    "Qatar|Switzerland": [
      0.057214266414482566,
      0.13894893272088624,
      0.8038368008646312
    ],
    "Brazil|Morocco": [
      0.5667913029950271,
      0.2606633799870178,
      0.17254531701795514
    ],
    "Haiti|Scotland": [
      0.1624698171783374,
      0.21662642290444983,
      0.6209037599172129
    ],
    "Australia|Türkiye": [
      0.17832425268738034,
      0.2547489324105433,
      0.5669268149020763
    ],
    "Germany|Curaçao": [
      0.927450854837677,
      0.05381827495677788,
      0.01873087020554524
    ],
    "Netherlands|Japan": [
      0.4918444165621079,
      0.2634880803011292,
      0.24466750313676286
    ],
    "Ivory Coast|Ecuador": [
      0.25953798020130814,
      0.3420765604773425,
      0.39838545932134944
    ],
    "Sweden|Tunisia": [
      0.5075142786193196,
      0.2709610131611621,
      0.22152470821951822
    ],
    "Spain|Cape Verde": [
      0.8754208754208753,
      0.08754208754208753,
      0.037037037037037035
    ],
    "Belgium|Egypt": [
      0.5921454372328424,
      0.24102402219025243,
      0.16683054057690516
    ],
    "Saudi Arabia|Uruguay": [
      0.1129411555902633,
      0.21573029719488496,
      0.6713285472148518
    ],
    "Iran|New Zealand": [
      0.524608410697741,
      0.2734502763976894,
      0.20194131290456976
    ],
    "France|Senegal": [
      0.6524265619364404,
      0.2179697831924017,
      0.12960365487115774
    ],
    "Iraq|Norway": [
      0.06066074914367795,
      0.14378844241464403,
      0.795550808441678
    ],
    "Argentina|Algeria": [
      0.6857629041406694,
      0.21100397050482134,
      0.10323312535450936
    ],
    "Austria|Jordan": [
      0.7389341875364007,
      0.16817122888759464,
      0.09289458357600465
    ],
    "Portugal|DR Congo": [
      0.7519284371556363,
      0.1672392558501329,
      0.0808323069942309
    ],
    "England|Croatia": [
      0.551572960483441,
      0.2525623555897861,
      0.19586468392677292
    ],
    "Ghana|Panama": [
      0.4529012145987118,
      0.27432873569979116,
      0.27277004970149693
    ],
    "Uzbekistan|Colombia": [
      0.103192279138827,
      0.206384558277654,
      0.6904231625835189
    ],
    "Czechia|South Africa": [
      0.5539900473649501,
      0.24749685232927632,
      0.19851310030577374
    ],
    "Switzerland|Bosnia-Herzegovina": [
      0.6024309951886553,
      0.24251709293492027,
      0.15505191187642442
    ],
    "Canada|Qatar": [
      0.7157894736842105,
      0.17894736842105263,
      0.10526315789473684
    ],
    "Mexico|South Korea": [
      0.4839168801594079,
      0.27896384856248224,
      0.2371192712781099
    ],
    "United States|Australia": [
      0.6193895870736085,
      0.21543985637342908,
      0.16517055655296226
    ],
    "Scotland|Morocco": [
      0.2451110883587591,
      0.2840176103204669,
      0.4708713013207741
    ],
    "Brazil|Haiti": [
      0.8936550491510276,
      0.07506702412868632,
      0.03127792672028597
    ],
    "Türkiye|Paraguay": [
      0.47029531779514494,
      0.28632685524586765,
      0.2433778269589875
    ],
    "Netherlands|Sweden": [
      0.5752329056073123,
      0.24204605378801194,
      0.18272104060467573
    ],
    "Germany|Ivory Coast": [
      0.6188679245283019,
      0.22641509433962267,
      0.15471698113207547
    ],
    "Ecuador|Curaçao": [
      0.7740398928252454,
      0.13694551949985112,
      0.08901458767490322
    ],
    "Tunisia|Japan": [
      0.17925769143548262,
      0.2625746466097211,
      0.5581676619547963
    ],
    "Spain|Saudi Arabia": [
      0.8945459216122544,
      0.07677598854782341,
      0.028678089839922274
    ],
    "Belgium|Iran": [
      0.6743593121566014,
      0.20319123379391044,
      0.12244945404948812
    ],
    "Uruguay|Cape Verde": [
      0.6473489519112208,
      0.22040690505548702,
      0.1322441430332922
    ],
    "New Zealand|Egypt": [
      0.1862284820031299,
      0.26604068857589985,
      0.5477308294209703
    ],
    "Argentina|Austria": [
      0.5841528519246979,
      0.24276482157909524,
      0.17308232649620678
    ],
    "France|Iraq": [
      0.8449904139742952,
      0.11034580700134915,
      0.0446637790243556
    ],
    "Norway|Senegal": [
      0.4444741974821693,
      0.2741967584467467,
      0.28132904407108406
    ],
    "Jordan|Algeria": [
      0.14372431277484107,
      0.2307064027756905,
      0.6255692844494684
    ],
    "Portugal|Uzbekistan": [
      0.7402068975871957,
      0.15442247346215637,
      0.10537062895064786
    ],
    "England|Ghana": [
      0.7009345794392524,
      0.1794392523364486,
      0.11962616822429907
    ],
    "Panama|Croatia": [
      0.16340278865737112,
      0.23343255522481587,
      0.6031646561178129
    ],
    "Colombia|DR Congo": [
      0.6376389141920205,
      0.23228274731280743,
      0.13007833849517217
    ],
    "Bosnia-Herzegovina|Qatar": [
      0.5895231699126932,
      0.24499664204163868,
      0.16548018804566822
    ],
    "Switzerland|Canada": [
      0.46637616299611356,
      0.27841243669767995,
      0.25521140030620665
    ],
    "Scotland|Brazil": [
      0.13284132841328414,
      0.22140221402214022,
      0.6457564575645757
    ],
    "Morocco|Haiti": [
      0.6951113051069402,
      0.18725447402880835,
      0.11763422086425143
    ],
    "Czechia|Mexico": [
      0.2308749427393495,
      0.26752175904718273,
      0.5016032982134677
    ],
    "South Africa|South Korea": [
      0.18709464658678684,
      0.24403649554798285,
      0.5688688578652302
    ],
    "Curaçao|Ivory Coast": [
      0.0990952175786299,
      0.16846186988367085,
      0.7324429125376993
    ],
    "Ecuador|Germany": [
      0.21016649239926005,
      0.25094506555135526,
      0.5388884420493847
    ],
    "Japan|Sweden": [
      0.4480796586059745,
      0.2759601706970128,
      0.2759601706970128
    ],
    "Tunisia|Netherlands": [
      0.16811035204131664,
      0.2271761514071846,
      0.6047134965514988
    ],
    "Paraguay|Australia": [
      0.4363636363636364,
      0.2909090909090909,
      0.27272727272727276
    ],
    "Türkiye|United States": [
      0.35836177474402736,
      0.267349260523322,
      0.3742889647326508
    ],
    "Norway|France": [
      0.21432801252779934,
      0.2570764959008303,
      0.5285954915713703
    ],
    "Senegal|Iraq": [
      0.6519012774094902,
      0.2193171350913598,
      0.12878158749914997
    ],
    "Cape Verde|Saudi Arabia": [
      0.40795705715187874,
      0.2699715819387433,
      0.32207136090937794
    ],
    "Uruguay|Spain": [
      0.1732942167484823,
      0.2416998286228832,
      0.5850059546286345
    ],
    "New Zealand|Belgium": [
      0.0966916371197782,
      0.1706832662419024,
      0.7326250966383194
    ],
    "Egypt|Iran": [
      0.4114911646171334,
      0.3179704453859667,
      0.2705383899968999
    ],
    "Croatia|Ghana": [
      0.5848709547623153,
      0.24817497269644187,
      0.16695407254124275
    ],
    "Panama|England": [
      0.11490658581882252,
      0.1612724011492246,
      0.7238210130319528
    ],
    "Colombia|Portugal": [
      0.26392032593933906,
      0.28791308284291534,
      0.44816659121774555
    ],
    "DR Congo|Uzbekistan": [
      0.4062719400889305,
      0.281769248771355,
      0.3119588111397145
    ],
    "Algeria|Austria": [
      0.27594663527565233,
      0.29021973710025506,
      0.4338336276240926
    ],
    "Jordan|Argentina": [
      0.07068538998835855,
      0.13715075669383,
      0.7921638533178114
    ]
  },
  "schedule": {
    "Qatar|Switzerland": "2026-06-13T19:00:00Z",
    "Brazil|Morocco": "2026-06-13T22:00:00Z",
    "Haiti|Scotland": "2026-06-14T01:00:00Z",
    "Australia|Türkiye": "2026-06-14T04:00:00Z",
    "Germany|Curaçao": "2026-06-14T17:00:00Z",
    "Netherlands|Japan": "2026-06-14T20:00:00Z",
    "Ivory Coast|Ecuador": "2026-06-14T23:00:00Z",