{
  "fetched": "2026-06-11T02:47:16",
  "odds": {
    "Mexico|South Africa": [
      0.6722951844903063,
      0.21513445903689804,
      0.1125703564727955
    ],
    "South Korea|Czechia": [
      0.35865724381625447,
      0.30742049469964666,
      0.333922261484099
    ],
    "Canada|Bosnia-Herzegovina": [
      0.526711813393529,
      0.27840481565086533,
      0.19488337095560576
    ],
    "United States|Paraguay": [
      0.4968201517692576,
      0.27522707271308305,
      0.22795277551765936
    ],
    "Qatar|Switzerland": [
      0.05163511187607572,
      0.1308089500860585,
      0.8175559380378657
    ],
    "Brazil|Morocco": [
      0.5766084340528844,
      0.25492162347601205,
      0.1684699424711036
    ],
    "Haiti|Scotland": [
      0.16281125160560458,
      0.2201652152393971,
      0.6170235331549982
    ],
    "Australia|Türkiye": [
      0.18096518423002003,
      0.24952673598726988,
      0.56950807978271
    ],
    "Germany|Curaçao": [
      0.9230496139167481,
      0.05964320582231296,
      0.017307180260939026
    ],
    "Netherlands|Japan": [
      0.4889445083009705,
      0.26596432044942897,
      0.24509117124960036
    ],
    "Ivory Coast|Ecuador": [
      0.2660620263566363,
      0.34342758011991353,
      0.39051039352345013
    ],
    "Sweden|Tunisia": [
      0.5151249173154225,
      0.2720322597058973,
      0.21284282297868007
    ],
    "Spain|Cape Verde": [
      0.8766233766233766,
      0.08766233766233766,
      0.03571428571428571
    ],
    "Belgium|Egypt": [
      0.5766926303175554,
      0.24715398442180944,
      0.1761533852606351
    ],
    "Saudi Arabia|Uruguay": [
      0.11821539693225862,
      0.21783511344820689,
      0.6639494896195346
    ],
    "Iran|New Zealand": [
      0.514488784725318,
      0.27478378275102217,
      0.2107274325236597
    ],
    "France|Senegal": [
      0.6455265225537402,
      0.22362350665833955,
      0.1308499707879203
    ],
    "Iraq|Norway": [
      0.06147593039502095,
      0.13832084338879713,
      0.8002032262161819
    ],
    "Argentina|Algeria": [
      0.6865671641791045,
      0.21044776119402986,
      0.10298507462686567
    ],
    "Austria|Jordan": [
      0.744978981784213,
      0.16697804764128912,
      0.0880429705744979
    ],
    "Portugal|DR Congo": [
      0.7561436672967865,
      0.1625708884688091,
      0.08128544423440455
    ],
    "England|Croatia": [
      0.5534330692696491,
      0.2509087749279498,
      0.1956581558024012
    ],
    "Ghana|Panama": [
      0.46336692817058683,
      0.27203283142599055,
      0.2646002404034225
    ],
    "Uzbekistan|Colombia": [
      0.10196807686347434,
      0.20610568727723538,
      0.6919262358592903
    ],
    "Czechia|South Africa": [
      0.4813576206062331,
      0.28735591290735735,
      0.2312864664864096
    ],
    "Switzerland|Bosnia-Herzegovina": [
      0.6024309951886553,
      0.24251709293492027,
      0.15505191187642442
    ],
    "Canada|Qatar": [
      0.70885020327322,
      0.18607317835922027,
      0.10507661836755967
    ],
    "Mexico|South Korea": [
      0.5256934679790362,
      0.2718586220120158,
      0.20244791000894796
    ],
    "United States|Australia": [
      0.5486641221374047,
      0.24141221374045801,
      0.20992366412213742
    ],
    "Scotland|Morocco": [
      0.2451110883587591,
      0.2840176103204669,
      0.4708713013207741
    ],
    "Brazil|Haiti": [
      0.8859343936381711,
      0.08320079522862825,
      0.0308648111332008
    ],
    "Türkiye|Paraguay": [
      0.42860278783887606,
      0.29612556250685984,
      0.2752716496542641
    ],
    "Netherlands|Sweden": [
      0.5783548587609643,
      0.24159127011533946,
      0.18005387112369642
    ],
    "Germany|Ivory Coast": [
      0.6047351422831422,
      0.2315693105815935,
      0.16369554713526435
    ],
    "Ecuador|Curaçao": [
      0.7779858809969744,
      0.1325457426883734,
      0.08946837631465206
    ],
    "Tunisia|Japan": [
      0.18699623858140785,
      0.2649113379903278,
      0.5480924234282644
    ],
    "Spain|Saudi Arabia": [
      0.8743274404304381,
      0.09163624135280553,
      0.03403631821675634
    ],
    "Belgium|Iran": [
      0.6775994925482396,
      0.20136904659242694,
      0.12103146085933354
    ],
    "Uruguay|Cape Verde": [
      0.6550218340611353,
      0.21834061135371177,
      0.12663755458515283
    ],
    "New Zealand|Egypt": [
      0.18289224952741018,
      0.26417769376181477,
      0.5529300567107751
    ],
    "Argentina|Austria": [
      0.5731080088170463,
      0.24393828067597356,
      0.18295371050698012
    ],
    "France|Iraq": [
      0.8524131115137539,
      0.10607807609948937,
      0.041508812386756716
    ],
    "Norway|Senegal": [
      0.4470389292653091,
      0.2745196805065842,
      0.2784413902281068
    ],
    "Jordan|Algeria": [
      0.14934114202049784,
      0.22840409956076138,
      0.6222547584187409
    ],
    "Portugal|Uzbekistan": [
      0.7402068975871957,
      0.15442247346215637,
      0.10537062895064786
    ],
    "England|Ghana": [
      0.7094012491923326,
      0.17526383803575277,
      0.11533491277191471
    ],
    "Panama|Croatia": [
      0.16340278865737112,
      0.23343255522481587,
      0.6031646561178129
    ],
    "Colombia|DR Congo": [
      0.6376389141920205,
      0.23228274731280743,
      0.13007833849517217
    ],
    "Bosnia-Herzegovina|Qatar": [
      0.620346798597435,
      0.2299822277727076,
      0.14967097362985732
    ],
    "Switzerland|Canada": [
      0.4397736459175424,
      0.28860145513338725,
      0.2716248989490704
    ],
    "Scotland|Brazil": [
      0.12663755458515283,
      0.21834061135371177,
      0.6550218340611353
    ],
    "Morocco|Haiti": [
      0.7065750736015701,
      0.1913640824337586,
      0.10206084396467124
    ],
    "Czechia|Mexico": [
      0.22107155083875388,
      0.26668948990071895,
      0.5122389592605273
    ],
    "South Africa|South Korea": [
      0.24712273271337817,
      0.2754810790903232,
      0.47739618819629875
    ],
    "Curaçao|Ivory Coast": [
      0.0990952175786299,
      0.16846186988367085,
      0.7324429125376993
    ],
    "Ecuador|Germany": [
      0.21016649239926005,
      0.25094506555135526,
      0.5388884420493847
    ],
    "Japan|Sweden": [
      0.4480796586059745,
      0.2759601706970128,
      0.2759601706970128
    ],
    "Tunisia|Netherlands": [
      0.16811035204131664,
      0.2271761514071846,
      0.6047134965514988
    ],
    "Paraguay|Australia": [
      0.43461273270512524,
      0.28499195587221327,
      0.28039531142266144
    ],
    "Türkiye|United States": [
      0.3520060560181681,
      0.27252081756245267,
      0.37547312641937924
    ],
    "Norway|France": [
      0.2304455338163203,
      0.26285193700924037,
      0.5067025291744393
    ],
    "Senegal|Iraq": [
      0.6724447101016138,
      0.2047220561864913,
      0.1228332337118948
    ],
    "Cape Verde|Saudi Arabia": [
      0.36001730852444835,
      0.2868887927304198,
      0.353093898745132
    ],
    "Uruguay|Spain": [
      0.1732942167484823,
      0.2416998286228832,
      0.5850059546286345
    ],
    "New Zealand|Belgium": [
      0.08680824678344443,
      0.1666408308789335,
      0.7465509223376221
    ],
    "Egypt|Iran": [
      0.41727894603496324,
      0.30909551558145426,
      0.2736255383835825
    ],
    "Croatia|Ghana": [
      0.5746714456391876,
      0.24850657108721624,
      0.1768219832735962
    ],
    "Panama|England": [
      0.10824422749108943,
      0.16728653339532004,
      0.7244692391135906
    ],
    "Colombia|Portugal": [
      0.26392032593933906,
      0.28791308284291534,
      0.44816659121774555
    ],
    "DR Congo|Uzbekistan": [
      0.4062719400889305,
      0.281769248771355,
      0.3119588111397145
    ],
    "Algeria|Austria": [
      0.27594663527565233,
      0.29021973710025506,
      0.4338336276240926
    ],