{
  "fetched": "2026-06-11T11:27:45",
  "odds": {
    "Mexico|South Africa": [
      0.6682567024424717,
      0.21774656596440087,
      0.11399673159312751
    ],
    "South Korea|Czechia": [
      0.35745689790534807,
      0.3085057940520679,
      0.3340373080425839
    ],
    "Canada|Bosnia-Herzegovina": [
      0.526711813393529,
      0.27840481565086533,
      0.19488337095560576
    ],
    "United States|Paraguay": [
      0.4915555944397148,
      0.2751035571154086,
      0.23334084844487665
    ],
    "Qatar|Switzerland": [
      0.06137287048257182,
      0.14028084681730701,
      0.7983462827001212
    ],
    "Brazil|Morocco": [
      0.5764203277434164,
      0.2521838933877447,
      0.17139577886883886
    ],
    "Haiti|Scotland": [
      0.15881536325775106,
      0.22017584451642758,
      0.6210087922258214
    ],
    "Australia|Türkiye": [
      0.1939546599496222,
      0.251889168765743,
      0.5541561712846347
    ],
    "Germany|Curaçao": [
      0.9238845144356956,
      0.058792650918635184,
      0.017322834645669295
    ],
    "Netherlands|Japan": [
      0.48677046518292105,
      0.26611901805330024,
      0.24711051676377882
    ],
    "Ivory Coast|Ecuador": [
      0.26246654578353845,
      0.34222669750574447,
      0.395306756710717
    ],
    "Sweden|Tunisia": [
      0.5014987447395869,
      0.2749694822009667,
      0.22353177305944633
    ],
    "Spain|Cape Verde": [
      0.873845598031025,
      0.09022963849436631,
      0.03592476347460881
    ],
    "Belgium|Egypt": [
      0.5806957611104386,
      0.24613246727269855,
      0.17317177161686292
    ],
    "Saudi Arabia|Uruguay": [
      0.11821539693225862,
      0.21783511344820689,
      0.6639494896195346
    ],
    "Iran|New Zealand": [
      0.5269069791287975,
      0.27009517417526596,
      0.2029978466959367
    ],
    "France|Senegal": [
      0.6455265225537402,
      0.22362350665833955,
      0.1308499707879203
    ],
    "Iraq|Norway": [
      0.06066074914367795,
      0.14378844241464403,
      0.795550808441678
    ],
    "Argentina|Algeria": [
      0.6865671641791045,
      0.21044776119402986,
      0.10298507462686567
    ],
    "Austria|Jordan": [
      0.744978981784213,
      0.16697804764128912,
      0.0880429705744979
    ],
    "Portugal|DR Congo": [
      0.7561436672967865,
      0.1625708884688091,
      0.08128544423440455
    ],
    "England|Croatia": [
      0.5534330692696491,
      0.2509087749279498,
      0.1956581558024012
    ],
    "Ghana|Panama": [
      0.46336692817058683,
      0.27203283142599055,
      0.2646002404034225
    ],
    "Uzbekistan|Colombia": [
      0.10196807686347434,
      0.20610568727723538,
      0.6919262358592903
    ],
    "Czechia|South Africa": [
      0.4813576206062331,
      0.28735591290735735,
      0.2312864664864096
    ],
    "Switzerland|Bosnia-Herzegovina": [
      0.6024309951886553,
      0.24251709293492027,
      0.15505191187642442
    ],
    "Canada|Qatar": [
      0.70885020327322,
      0.18607317835922027,
      0.10507661836755967
    ],
    "Mexico|South Korea": [
      0.5256934679790362,
      0.2718586220120158,
      0.20244791000894796
    ],
    "United States|Australia": [
      0.5461165048543689,
      0.24029126213592233,
      0.21359223300970873
    ],
    "Scotland|Morocco": [
      0.2451110883587591,
      0.2840176103204669,
      0.4708713013207741
    ],
    "Brazil|Haiti": [
      0.8859343936381711,
      0.08320079522862825,
      0.0308648111332008
    ],
    "Türkiye|Paraguay": [
      0.42860278783887606,
      0.29612556250685984,
      0.2752716496542641
    ],
    "Netherlands|Sweden": [
      0.5783548587609643,
      0.24159127011533946,
      0.18005387112369642
    ],
    "Germany|Ivory Coast": [
      0.6047351422831422,
      0.2315693105815935,
      0.16369554713526435
    ],
    "Ecuador|Curaçao": [
      0.7779858809969744,
      0.1325457426883734,
      0.08946837631465206
    ],
    "Tunisia|Japan": [
      0.18699623858140785,
      0.2649113379903278,
      0.5480924234282644
    ],
    "Spain|Saudi Arabia": [
      0.8727592761231886,
      0.09326545205630155,
      0.03397527182050984
    ],
    "Belgium|Iran": [
      0.6787433248849806,
      0.20127237123212627,
      0.11998430388289333
    ],
    "Uruguay|Cape Verde": [
      0.6550218340611353,
      0.21834061135371177,
      0.12663755458515283
    ],
    "New Zealand|Egypt": [
      0.18289224952741018,
      0.26417769376181477,
      0.5529300567107751
    ],
    "Argentina|Austria": [
      0.5731080088170463,
      0.24393828067597356,
      0.18295371050698012
    ],
    "France|Iraq": [
      0.8524131115137539,
      0.10607807609948937,
      0.041508812386756716
    ],
    "Norway|Senegal": [
      0.4470389292653091,
      0.2745196805065842,
      0.2784413902281068
    ],
    "Jordan|Algeria": [
      0.14934114202049784,
      0.22840409956076138,
      0.6222547584187409
    ],
    "Portugal|Uzbekistan": [
      0.7402068975871957,
      0.15442247346215637,
      0.10537062895064786
    ],
    "England|Ghana": [
      0.7094012491923326,
      0.17526383803575277,
      0.11533491277191471
    ],
    "Panama|Croatia": [
      0.16340278865737112,
      0.23343255522481587,
      0.6031646561178129
    ],
    "Colombia|DR Congo": [
      0.6376389141920205,
      0.23228274731280743,
      0.13007833849517217
    ],
    "Bosnia-Herzegovina|Qatar": [
      0.5961102619511938,
      0.2415010804827914,
      0.1623886575660149
    ],
    "Switzerland|Canada": [
      0.4397736459175424,
      0.28860145513338725,
      0.2716248989490704
    ],
    "Scotland|Brazil": [
      0.12663755458515283,
      0.21834061135371177,
      0.6550218340611353
    ],
    "Morocco|Haiti": [
      0.7065750736015701,
      0.1913640824337586,
      0.10206084396467124
    ],
    "Czechia|Mexico": [
      0.22107155083875388,
      0.26668948990071895,
      0.5122389592605273
    ],
    "South Africa|South Korea": [
      0.24712273271337817,
      0.2754810790903232,
      0.47739618819629875
    ],
    "Curaçao|Ivory Coast": [
      0.0990952175786299,
      0.16846186988367085,
      0.7324429125376993
    ],
    "Ecuador|Germany": [
      0.21016649239926005,
      0.25094506555135526,
      0.5388884420493847
    ],
    "Japan|Sweden": [
      0.4480796586059745,
      0.2759601706970128,
      0.2759601706970128
    ],
    "Tunisia|Netherlands": [
      0.16811035204131664,
      0.2271761514071846,
      0.6047134965514988
    ],
    "Paraguay|Australia": [
      0.43461273270512524,
      0.28499195587221327,
      0.28039531142266144
    ],
    "Türkiye|United States": [
      0.3520060560181681,
      0.27252081756245267,
      0.37547312641937924
    ],
    "Norway|France": [
      0.21432801252779934,
      0.2570764959008303,
      0.5285954915713703
    ],
    "Senegal|Iraq": [
      0.6347394846351851,
      0.22532515347838358,
      0.1399353618864313
    ],
    "Cape Verde|Saudi Arabia": [
      0.36001730852444835,
      0.2868887927304198,
      0.353093898745132
    ],
    "Uruguay|Spain": [
      0.1732942167484823,
      0.2416998286228832,
      0.5850059546286345
    ],
    "New Zealand|Belgium": [
      0.10232177617287784,
      0.16961943182779926,
      0.728058791999323
    ],
    "Egypt|Iran": [
      0.4114911646171334,
      0.3179704453859667,
      0.2705383899968999
    ],
    "Croatia|Ghana": [
      0.5746714456391876,
      0.24850657108721624,
      0.1768219832735962
    ],
    "Panama|England": [
      0.10824422749108943,
      0.16728653339532004,
      0.7244692391135906
    ],
    "Colombia|Portugal": [
      0.26392032593933906,
      0.28791308284291534,
      0.44816659121774555
    ],
    "DR Congo|Uzbekistan": [
      0.4062719400889305,
      0.281769248771355,
      0.3119588111397145
    ],
    "Algeria|Austria": [
      0.27594663527565233,
      0.29021973710025506,
      0.4338336276240926
    ],