{
  "fetched": "2026-06-14T00:10:29",
  "odds": {
    "Qatar|Switzerland": [
      0.006387941590180026,
      0.9550288912051326,
      0.03858316720468736
    ],
    "Brazil|Morocco": [
      0.5747234153325523,
      0.2571131068592997,
      0.16816347780814786
    ],
    "Haiti|Scotland": [
      0.1633253140871425,
      0.20850040096230957,
      0.628174284950548
    ],
    "Australia|Türkiye": [
      0.17511054285866495,
      0.2580576421075062,
      0.5668318150338287
    ],
    "Germany|Curaçao": [
      0.9303280459869473,
      0.04607338894411549,
      0.0235985650689372
    ],
    "Netherlands|Japan": [
      0.4786806673878035,
      0.263470013112633,
      0.2578493194995635
    ],
    "Ivory Coast|Ecuador": [
      0.26855026325456105,
      0.341618709440431,
      0.38983102730500796
    ],
    "Sweden|Tunisia": [
      0.5182481751824817,
      0.2744525547445255,
      0.20729927007299268
    ],
    "Spain|Cape Verde": [
      0.8833336413274474,
      0.08288447720535563,
      0.033781881467197
    ],
    "Belgium|Egypt": [
      0.5980111233694266,
      0.23655968270879038,
      0.16542919392178299
    ],
    "Saudi Arabia|Uruguay": [
      0.11754334410813991,
      0.21392888627681458,
      0.6685277696150456
    ],
    "Iran|New Zealand": [
      0.524608410697741,
      0.2734502763976894,
      0.20194131290456976
    ],
    "France|Senegal": [
      0.6517626173978753,
      0.21627997169256852,
      0.13195741090955618
    ],
    "Iraq|Norway": [
      0.06066074914367795,
      0.14378844241464403,
      0.795550808441678
    ],
    "Argentina|Algeria": [
      0.683143980863355,
      0.21077308818759968,
      0.10608293094904521
    ],
    "Austria|Jordan": [
      0.7396449704142012,
      0.16272189349112426,
      0.09763313609467457
    ],
    "Portugal|DR Congo": [
      0.7504852275177917,
      0.1682122061677809,
      0.08130256631442744
    ],
    "England|Croatia": [
      0.557917385310252,
      0.2474864298940349,
      0.19459618479571292
    ],
    "Ghana|Panama": [
      0.4401706258733545,
      0.27667867912039423,
      0.2831506950062514
    ],
    "Uzbekistan|Colombia": [
      0.10475320129908247,
      0.20266987788180377,
      0.6925769208191137
    ],
    "Czechia|South Africa": [
      0.5539900473649501,
      0.24749685232927632,
      0.19851310030577374
    ],
    "Switzerland|Bosnia-Herzegovina": [
      0.5843475457403078,
      0.252438139759813,
      0.16321431449987908
    ],
    "Canada|Qatar": [
      0.73449401523395,
      0.16594124047878128,
      0.09956474428726876
    ],
    "Mexico|South Korea": [
      0.4839168801594079,
      0.27896384856248224,
      0.2371192712781099
    ],
    "United States|Australia": [
      0.6287911149081589,
      0.2159760785988894,
      0.15523280649295174
    ],
    "Scotland|Morocco": [
      0.23877722951016972,
      0.27981706583223015,
      0.4814057046576002
    ],
    "Brazil|Haiti": [
      0.8962426749396759,
      0.07238883143743537,
      0.03136849362288866
    ],
    "Türkiye|Paraguay": [
      0.47029531779514494,
      0.28632685524586765,
      0.2433778269589875
    ],
    "Netherlands|Sweden": [
      0.5752329056073123,
      0.24204605378801194,
      0.18272104060467573
    ],
    "Germany|Ivory Coast": [
      0.6188679245283019,
      0.22641509433962267,
      0.15471698113207547
    ],
    "Ecuador|Curaçao": [
      0.7740398928252454,
      0.13694551949985112,
      0.08901458767490322
    ],
    "Tunisia|Japan": [
      0.17925769143548262,
      0.2625746466097211,
      0.5581676619547963
    ],
    "Spain|Saudi Arabia": [
      0.8709098852583412,
      0.09657614569201409,
      0.03251396904964474
    ],
    "Belgium|Iran": [
      0.6830467241433783,
      0.1989172472880074,
      0.11803602856861431
    ],
    "Uruguay|Cape Verde": [
      0.6697108066971081,
      0.21308980213089804,
      0.11719939117199392
    ],
    "New Zealand|Egypt": [
      0.1862284820031299,
      0.26604068857589985,
      0.5477308294209703
    ],
    "Argentina|Austria": [
      0.5841528519246979,
      0.24276482157909524,
      0.17308232649620678
    ],
    "France|Iraq": [
      0.8546655656482247,
      0.10445912469033856,
      0.040875309661436834
    ],
    "Norway|Senegal": [
      0.4437240663900414,
      0.2757607192254495,
      0.28051521438450894
    ],
    "Jordan|Algeria": [
      0.13880436220680792,
      0.22523578219206558,
      0.6359598556011264
    ],
    "Portugal|Uzbekistan": [
      0.7404577909675903,
      0.15999177269121148,
      0.09955043634119824
    ],
    "England|Ghana": [
      0.7009345794392524,
      0.1794392523364486,
      0.11962616822429907
    ],
    "Panama|Croatia": [
      0.16340278865737112,
      0.23343255522481587,
      0.6031646561178129
    ],
    "Colombia|DR Congo": [
      0.6524171676750053,
      0.22607013484552507,
      0.12151269747946973
    ],
    "Bosnia-Herzegovina|Qatar": [
      0.6267103868247824,
      0.2246986021054708,
      0.14859101106974681
    ],
    "Switzerland|Canada": [
      0.4496092967341215,
      0.27930274494089363,
      0.271087958324985
    ],
    "Scotland|Brazil": [
      0.13284132841328414,
      0.22140221402214022,
      0.6457564575645757
    ],
    "Morocco|Haiti": [
      0.7077435470441299,
      0.1840133222314738,
      0.10824313072439634
    ],
    "Czechia|Mexico": [
      0.22244437827030245,
      0.268345599183222,
      0.5092100225464755
    ],
    "South Africa|South Korea": [
      0.18709464658678684,
      0.24403649554798285,
      0.5688688578652302
    ],
    "Curaçao|Ivory Coast": [
      0.0990952175786299,
      0.16846186988367085,
      0.7324429125376993
    ],
    "Ecuador|Germany": [
      0.21016649239926005,
      0.25094506555135526,
      0.5388884420493847
    ],
    "Japan|Sweden": [
      0.4480796586059745,
      0.2759601706970128,
      0.2759601706970128
    ],
    "Tunisia|Netherlands": [
      0.16513497989661113,
      0.2245835726593911,
      0.6102814474439977
    ],
    "Paraguay|Australia": [
      0.4478303101493144,
      0.284849443176941,
      0.2673202466737446
    ],
    "Türkiye|United States": [
      0.3505311077389985,
      0.26707132018209406,
      0.3823975720789074
    ],
    "Norway|France": [
      0.21432801252779934,
      0.2570764959008303,
      0.5285954915713703
    ],
    "Senegal|Iraq": [
      0.6519012774094902,
      0.2193171350913598,
      0.12878158749914997
    ],
    "Cape Verde|Saudi Arabia": [
      0.38345864661654133,
      0.2556390977443609,
      0.3609022556390977
    ],
    "Uruguay|Spain": [
      0.1732942167484823,
      0.2416998286228832,
      0.5850059546286345
    ],
    "New Zealand|Belgium": [
      0.10008775270294883,
      0.1700415583555475,
      0.7298706889415038
    ],
    "Egypt|Iran": [
      0.4114911646171334,
      0.3179704453859667,
      0.2705383899968999
    ],
    "Croatia|Ghana": [
      0.5848709547623153,
      0.24817497269644187,
      0.16695407254124275
    ],
    "Panama|England": [
      0.10226049515608181,
      0.16146393972012918,
      0.7362755651237891
    ],
    "Colombia|Portugal": [
      0.26392032593933906,
      0.28791308284291534,
      0.44816659121774555
    ],
    "DR Congo|Uzbekistan": [
      0.4062719400889305,
      0.281769248771355,
      0.3119588111397145
    ],
    "Algeria|Austria": [
      0.27594663527565233,
      0.29021973710025506,
      0.4338336276240926
    ],
    "Jordan|Argentina": [
      0.06569088691409652,
      0.14148806412266945,
      0.792821048963234
    ]
  },
  "schedule": {
    "Qatar|Switzerland": "2026-06-13T19:04:00Z",
    "Brazil|Morocco": "2026-06-13T22:00:00Z",
    "Haiti|Scotland": "2026-06-14T01:00:00Z",
    "Australia|Türkiye": "2026-06-14T04:00:00Z",
    "Germany|Curaçao": "2026-06-14T17:00:00Z",
    "Netherlands|Japan": "2026-06-14T20:00:00Z",
    "Ivory Coast|Ecuador": "2026-06-14T23:00:00Z",