{
  "fetched": "2026-06-12T10:24:52",
  "odds": {
    "Canada|Bosnia-Herzegovina": [
      0.5266823101960487,
      0.27446824615850435,
      0.198849443645447
    ],
    "United States|Paraguay": [
      0.46852062155499546,
      0.286624380245409,
      0.2448549981995956
    ],
    "Qatar|Switzerland": [
      0.06137287048257182,
      0.14028084681730701,
      0.7983462827001212
    ],
    "Brazil|Morocco": [
      0.5886731383192549,
      0.24730340604649115,
      0.16402345563425394
    ],
    "Haiti|Scotland": [
      0.16688412550481516,
      0.22578440509474992,
      0.6073314694004348
    ],
    "Australia|Türkiye": [
      0.18102331606217614,
      0.2506476683937824,
      0.5683290155440415
    ],
    "Germany|Curaçao": [
      0.9234947940244455,
      0.056496152105024906,
      0.020009053870529654
    ],
    "Netherlands|Japan": [
      0.4873458567829955,
      0.26521307675759703,
      0.24744106645940755
    ],
    "Ivory Coast|Ecuador": [
      0.26214841037666053,
      0.3430239837907366,
      0.3948276058326029
    ],
    "Sweden|Tunisia": [
      0.5085235481074835,
      0.27304247327362036,
      0.21843397861889624
    ],
    "Spain|Cape Verde": [
      0.8717866836979082,
      0.09133003353025705,
      0.036883282771834586
    ],
    "Belgium|Egypt": [
      0.5819991172103848,
      0.24497411821355483,
      0.17302676457606037
    ],
    "Saudi Arabia|Uruguay": [
      0.11996991350131628,
      0.21812711545693866,
      0.661902971041745
    ],
    "Iran|New Zealand": [
      0.5264551006855784,
      0.2698635390068932,
      0.20368136030752826
    ],
    "France|Senegal": [
      0.6524265619364404,
      0.2179697831924017,
      0.12960365487115774
    ],
    "Iraq|Norway": [
      0.06066074914367795,
      0.14378844241464403,
      0.795550808441678
    ],
    "Argentina|Algeria": [
      0.6802721088435374,
      0.2131519274376417,
      0.10657596371882085
    ],
    "Austria|Jordan": [
      0.741868680716287,
      0.16628091119502986,
      0.09185040808868315
    ],
    "Portugal|DR Congo": [
      0.7478416862877003,
      0.1676196883058639,
      0.0845386254064357
    ],
    "England|Croatia": [
      0.551572960483441,
      0.2525623555897861,
      0.19586468392677292
    ],
    "Ghana|Panama": [
      0.4529012145987118,
      0.27432873569979116,
      0.27277004970149693
    ],
    "Uzbekistan|Colombia": [
      0.103192279138827,
      0.206384558277654,
      0.6904231625835189
    ],
    "Czechia|South Africa": [
      0.5675029868578255,
      0.25089605734767023,
      0.18160095579450417
    ],
    "Switzerland|Bosnia-Herzegovina": [
      0.6024309951886553,
      0.24251709293492027,
      0.15505191187642442
    ],
    "Canada|Qatar": [
      0.7131849315068494,
      0.18193493150684928,
      0.10488013698630136
    ],
    "Mexico|South Korea": [
      0.48519443453442745,
      0.27827327863003926,
      0.23653228683553335
    ],
    "United States|Australia": [
      0.5500747384155455,
      0.24065769805680118,
      0.20926756352765322
    ],
    "Scotland|Morocco": [
      0.2451110883587591,
      0.2840176103204669,
      0.4708713013207741
    ],
    "Brazil|Haiti": [
      0.8978447662962888,
      0.07389953076438685,
      0.028255702939324383
    ],
    "Türkiye|Paraguay": [
      0.42860278783887606,
      0.29612556250685984,
      0.2752716496542641
    ],
    "Netherlands|Sweden": [
      0.5783548587609643,
      0.24159127011533946,
      0.18005387112369642
    ],
    "Germany|Ivory Coast": [
      0.6231306081754736,
      0.2243270189431705,
      0.15254237288135594
    ],
    "Ecuador|Curaçao": [
      0.7740398928252454,
      0.13694551949985112,
      0.08901458767490322
    ],
    "Tunisia|Japan": [
      0.18699623858140785,
      0.2649113379903278,
      0.5480924234282644
    ],
    "Spain|Saudi Arabia": [
      0.8945459216122544,
      0.07677598854782341,
      0.028678089839922274
    ],
    "Belgium|Iran": [
      0.6743593121566014,
      0.20319123379391044,
      0.12244945404948812
    ],
    "Uruguay|Cape Verde": [
      0.6550218340611353,
      0.21834061135371177,
      0.12663755458515283
    ],
    "New Zealand|Egypt": [
      0.18289224952741018,
      0.26417769376181477,
      0.5529300567107751
    ],
    "Argentina|Austria": [
      0.5679793043978155,
      0.24961195745903994,
      0.18240873814314457
    ],
    "France|Iraq": [
      0.8524131115137539,
      0.10607807609948937,
      0.041508812386756716
    ],
    "Norway|Senegal": [
      0.4444741974821693,
      0.2741967584467467,
      0.28132904407108406
    ],
    "Jordan|Algeria": [
      0.14372431277484107,
      0.2307064027756905,
      0.6255692844494684
    ],
    "Portugal|Uzbekistan": [
      0.7402068975871957,
      0.15442247346215637,
      0.10537062895064786
    ],
    "England|Ghana": [
      0.7009345794392524,
      0.1794392523364486,
      0.11962616822429907
    ],
    "Panama|Croatia": [
      0.16340278865737112,
      0.23343255522481587,
      0.6031646561178129
    ],
    "Colombia|DR Congo": [
      0.6376389141920205,
      0.23228274731280743,
      0.13007833849517217
    ],
    "Bosnia-Herzegovina|Qatar": [
      0.5895231699126932,
      0.24499664204163868,
      0.16548018804566822
    ],
    "Switzerland|Canada": [
      0.4397736459175424,
      0.28860145513338725,
      0.2716248989490704
    ],
    "Scotland|Brazil": [
      0.12663755458515283,
      0.21834061135371177,
      0.6550218340611353
    ],
    "Morocco|Haiti": [
      0.7257341814923092,
      0.17724661740292935,
      0.09701920110476134
    ],
    "Czechia|Mexico": [
      0.2308749427393495,
      0.26752175904718273,
      0.5016032982134677
    ],
    "South Africa|South Korea": [
      0.19129782445611404,
      0.24756189047261817,
      0.5611402850712678
    ],
    "Curaçao|Ivory Coast": [
      0.0990952175786299,
      0.16846186988367085,
      0.7324429125376993
    ],
    "Ecuador|Germany": [
      0.21016649239926005,
      0.25094506555135526,
      0.5388884420493847
    ],
    "Japan|Sweden": [
      0.4480796586059745,
      0.2759601706970128,
      0.2759601706970128
    ],
    "Tunisia|Netherlands": [
      0.16811035204131664,
      0.2271761514071846,
      0.6047134965514988
    ],
    "Paraguay|Australia": [
      0.43461273270512524,
      0.28499195587221327,
      0.28039531142266144
    ],
    "Türkiye|United States": [
      0.35836177474402736,
      0.267349260523322,
      0.3742889647326508
    ],
    "Norway|France": [
      0.21432801252779934,
      0.2570764959008303,
      0.5285954915713703
    ],
    "Senegal|Iraq": [
      0.6519012774094902,
      0.2193171350913598,
      0.12878158749914997
    ],
    "Cape Verde|Saudi Arabia": [
      0.37643032830713286,
      0.2882044701101486,
      0.3353652015827184
    ],
    "Uruguay|Spain": [
      0.1732942167484823,
      0.2416998286228832,
      0.5850059546286345
    ],
    "New Zealand|Belgium": [
      0.0966916371197782,
      0.1706832662419024,
      0.7326250966383194
    ],
    "Egypt|Iran": [
      0.4114911646171334,
      0.3179704453859667,
      0.2705383899968999
    ],
    "Croatia|Ghana": [
      0.5848709547623153,
      0.24817497269644187,
      0.16695407254124275
    ],
    "Panama|England": [
      0.11241905176028452,
      0.1617256534095321,
      0.7258552948301834
    ],
    "Colombia|Portugal": [
      0.26392032593933906,
      0.28791308284291534,
      0.44816659121774555
    ],
    "DR Congo|Uzbekistan": [
      0.4062719400889305,
      0.281769248771355,
      0.3119588111397145
    ],
    "Algeria|Austria": [
      0.27594663527565233,
      0.29021973710025506,
      0.4338336276240926
    ],
    "Jordan|Argentina": [
      0.07068538998835855,
      0.13715075669383,
      0.7921638533178114
    ]
  },
  "schedule": {
    "Canada|Bosnia-Herzegovina": "2026-06-12T19:00:00Z",