{
  "fetched": "2026-06-09T22:51:15",
  "odds": {
    "Mexico|South Africa": [
      0.6826982027040109,
      0.21306185666806493,
      0.10423994062792423
    ],
    "South Korea|Czechia": [
      0.3628184379543166,
      0.3065586168791219,
      0.33062294516656154
    ],
    "Canada|Bosnia-Herzegovina": [
      0.5319551432419753,
      0.26310213841427427,
      0.2049427183437505
    ],
    "United States|Paraguay": [
      0.4829559973424644,
      0.27735472990238663,
      0.23968927275514898
    ],
    "Qatar|Switzerland": [
      0.06057355360080097,
      0.13845383680183077,
      0.8009726095973682
    ],
    "Brazil|Morocco": [
      0.5735980409584022,
      0.2578140130903457,
      0.16858794595125212
    ],
    "Haiti|Scotland": [
      0.16281125160560458,
      0.2201652152393971,
      0.6170235331549982
    ],
    "Australia|Türkiye": [
      0.1939546599496222,
      0.251889168765743,
      0.5541561712846347
    ],
    "Germany|Curaçao": [
      0.9260389762855131,
      0.05719652500586993,
      0.016764498708617046
    ],
    "Netherlands|Japan": [
      0.4798343113565757,
      0.26775284777355884,
      0.2524128408698654
    ],
    "Ivory Coast|Ecuador": [
      0.2654290281791221,
      0.342337792527843,
      0.39223317929303475
    ],
    "Sweden|Tunisia": [
      0.5020146814377187,
      0.2752523679473855,
      0.22273295061489587
    ],
    "Spain|Cape Verde": [
      0.873845598031025,
      0.09022963849436631,
      0.03592476347460881
    ],
    "Belgium|Egypt": [
      0.5735835818277495,
      0.24855288545869145,
      0.17786353271355898
    ],
    "Saudi Arabia|Uruguay": [
      0.11401325978387597,
      0.21299180399185622,
      0.6729949362242679
    ],
    "Iran|New Zealand": [
      0.5084828077446093,
      0.2768244512076669,
      0.2146927410477239
    ],
    "France|Senegal": [
      0.6504898385602491,
      0.22027951351244798,
      0.12923064792730282
    ],
    "Iraq|Norway": [
      0.06486201441378098,
      0.14413780980840218,
      0.7910001757778169
    ],
    "Argentina|Algeria": [
      0.6826982027040109,
      0.21306185666806493,
      0.10423994062792423
    ],
    "Austria|Jordan": [
      0.725880955523294,
      0.1768509964365844,
      0.09726804804012142
    ],
    "Portugal|DR Congo": [
      0.7561436672967865,
      0.1625708884688091,
      0.08128544423440455
    ],
    "England|Croatia": [
      0.551301684532925,
      0.2526799387442573,
      0.19601837672281777
    ],
    "Ghana|Panama": [
      0.4704072601604316,
      0.2676903193178147,
      0.2619024205217538
    ],
    "Uzbekistan|Colombia": [
      0.10893459571226466,
      0.21308085754706713,
      0.6779845467406682
    ],
    "Czechia|South Africa": [
      0.47758559830568303,
      0.28944581715495943,
      0.2329685845393576
    ],
    "Switzerland|Bosnia-Herzegovina": [
      0.6024309951886553,
      0.24251709293492027,
      0.15505191187642442
    ],
    "Canada|Qatar": [
      0.7115522602248266,
      0.1829705812006697,
      0.10547715857450372
    ],
    "Mexico|South Korea": [
      0.5293005671077504,
      0.2722117202268431,
      0.19848771266540643
    ],
    "United States|Australia": [
      0.5483287639269673,
      0.24400629994750042,
      0.20766493612553227
    ],
    "Scotland|Morocco": [
      0.2451110883587591,
      0.2840176103204669,
      0.4708713013207741
    ],
    "Brazil|Haiti": [
      0.8994227880129675,
      0.07333755040721121,
      0.027239661579821304
    ],
    "Türkiye|Paraguay": [
      0.43050552951184634,
      0.2930007782946297,
      0.2764936921935239
    ],
    "Netherlands|Sweden": [
      0.5783548587609643,
      0.24159127011533946,
      0.18005387112369642
    ],
    "Germany|Ivory Coast": [
      0.6047351422831422,
      0.2315693105815935,
      0.16369554713526435
    ],
    "Ecuador|Curaçao": [
      0.77252198716425,
      0.13786546232469693,
      0.089612550511053
    ],
    "Tunisia|Japan": [
      0.18699623858140785,
      0.2649113379903278,
      0.5480924234282644
    ],
    "Spain|Saudi Arabia": [
      0.879054258866323,
      0.0879054258866323,
      0.03304031524704456
    ],
    "Belgium|Iran": [
      0.6767915069301091,
      0.2020053081686818,
      0.12120318490120909
    ],
    "Uruguay|Cape Verde": [
      0.6550218340611353,
      0.21834061135371177,
      0.12663755458515283
    ],
    "New Zealand|Egypt": [
      0.18289224952741018,
      0.26417769376181477,
      0.5529300567107751
    ],
    "Argentina|Austria": [
      0.5731080088170463,
      0.24393828067597356,
      0.18295371050698012
    ],
    "France|Iraq": [
      0.8426369580097717,
      0.1120211485354167,
      0.04534189345481152
    ],
    "Norway|Senegal": [
      0.4470389292653091,
      0.2745196805065842,
      0.2784413902281068
    ],
    "Jordan|Algeria": [
      0.14934114202049784,
      0.22840409956076138,
      0.6222547584187409
    ],
    "Portugal|Uzbekistan": [
      0.7361469819520268,
      0.15906033002892006,
      0.10479268801905321
    ],
    "England|Ghana": [
      0.7094012491923326,
      0.17526383803575277,
      0.11533491277191471
    ],
    "Panama|Croatia": [
      0.16340278865737112,
      0.23343255522481587,
      0.6031646561178129
    ],
    "Colombia|DR Congo": [
      0.6376389141920205,
      0.23228274731280743,
      0.13007833849517217
    ],
    "Bosnia-Herzegovina|Qatar": [
      0.620346798597435,
      0.2299822277727076,
      0.14967097362985732
    ],
    "Switzerland|Canada": [
      0.44916783637457397,
      0.28774814517746145,
      0.26308401844796475
    ],
    "Scotland|Brazil": [
      0.14565078008121393,
      0.2014319298995512,
      0.6529172900192349
    ],
    "Morocco|Haiti": [
      0.7065750736015701,
      0.1913640824337586,
      0.10206084396467124
    ],
    "Czechia|Mexico": [
      0.22107155083875388,
      0.26668948990071895,
      0.5122389592605273
    ],
    "South Africa|South Korea": [
      0.25540823447313327,
      0.2763433356594557,
      0.468248429867411
    ],
    "Curaçao|Ivory Coast": [
      0.10530137981118372,
      0.16848220769789396,
      0.7262164124909223
    ],
    "Ecuador|Germany": [
      0.21016649239926005,
      0.25094506555135526,
      0.5388884420493847
    ],
    "Japan|Sweden": [
      0.4480796586059745,
      0.2759601706970128,
      0.2759601706970128
    ],
    "Tunisia|Netherlands": [
      0.16811035204131664,
      0.2271761514071846,
      0.6047134965514988
    ],
    "Paraguay|Australia": [
      0.43461273270512524,
      0.28499195587221327,
      0.28039531142266144
    ],
    "Türkiye|United States": [
      0.3520060560181681,
      0.27252081756245267,
      0.37547312641937924
    ],
    "Norway|France": [
      0.21432801252779934,
      0.2570764959008303,
      0.5285954915713703
    ],
    "Senegal|Iraq": [
      0.6347394846351851,
      0.22532515347838358,
      0.1399353618864313
    ],
    "Cape Verde|Saudi Arabia": [
      0.367020125513958,
      0.2867344730577797,
      0.34624540142826227
    ],
    "Uruguay|Spain": [
      0.1732942167484823,
      0.2416998286228832,
      0.5850059546286345
    ],
    "New Zealand|Belgium": [
      0.09520734569165104,
      0.17096372828500778,
      0.733828926023341
    ],
    "Egypt|Iran": [
      0.4114911646171334,
      0.3179704453859667,
      0.2705383899968999
    ],
    "Croatia|Ghana": [
      0.5746714456391876,
      0.24850657108721624,
      0.1768219832735962
    ],
    "Panama|England": [
      0.10824422749108943,
      0.16728653339532004,
      0.7244692391135906
    ],
    "Colombia|Portugal": [
      0.26392032593933906,
      0.28791308284291534,
      0.44816659121774555
    ],
    "DR Congo|Uzbekistan": [
      0.4062719400889305,
      0.281769248771355,
      0.3119588111397145
    ],
    "Algeria|Austria": [
      0.27594663527565233,
      0.29021973710025506,
      0.4338336276240926
    ],